SNV_var,AA_var,control,test,raw_LFC,var_pos,mut_type,lws_reg,normalized_LFC
exon5_pos1G_A,E275K,11068.662755329784,12161.611468739871,0.13584175705706686,1,Missense,-0.7508515026376086,5.181262278589245
exon5_pos1G_C,E275Q,10284.550939095365,10148.367540114728,-0.01922924461002353,1,Missense,-0.7508515026376086,4.2751275779404425
exon5_pos1G_T,E275Stop,348.531629160997,171.98940366583128,-1.0147393417806314,1,Nonsense,-0.7508515026376086,-1.5419899630239413
exon5_pos2A_C,E275A,2197.4699910218524,2236.85497148649,0.025616702717609494,2,Missense,-0.7435528801548092,4.494529874905531
exon5_pos2A_G,E275G,759.4817979103623,450.9448000877568,-0.7507671429118535,2,Missense,-0.7435528801548092,-0.042155488476111704
exon5_pos2A_T,E275V,897.4773800273495,655.9422711237982,-0.45171558392475186,2,Missense,-0.7435528801548092,1.7053085245769706
exon5_pos3G_A,E275E,2750.4645120236664,1700.2877410023234,-0.6935725546015593,3,Synonymous,-0.7357995311178338,0.2467471565510545
exon5_pos3G_C,E275D,2301.388424498703,856.472484921766,-1.4249689608079976,3,Missense,-0.7357995311178338,-4.02706068933023
exon5_pos3G_T,E275D,1204.5091152998637,438.03939028887766,-1.4572202715214422,3,Missense,-0.7357995311178338,-4.215516502891023
exon5_pos4G_A,D276N,4590.96793610231,6490.428405005512,0.49942340240612026,4,Missense,-0.7307890139067416,7.188566189720225
exon5_pos4G_C,D276H,1848.6009643495668,2603.6664269238618,0.49388456686226284,4,Missense,-0.7307890139067416,7.156200814933706
exon5_pos4G_T,D276Y,1485.5612422031652,1067.922660857247,-0.47582142515221637,4,Missense,-0.7307890139067416,1.4898657855271948
exon5_pos5A_C,D276A,1441.3621682243747,1488.0930221938304,0.04600041861954705,5,Missense,-0.7275845297887281,4.520330417141516
exon5_pos5A_G,D276G,22601.584486192514,34866.446381248636,0.6253929613871998,5,Missense,-0.7275845297887281,7.905925935677036
exon5_pos5A_T,D276V,155.20285519269953,104.73236413705743,-0.5630037784710583,5,Missense,-0.7275845297887281,0.9617035307990853
exon5_pos6C_A,D276E,2885.760914050346,1623.848006039732,-0.8291468565966562,6,Missense,-0.7201137544954344,-0.6371189730585733
exon5_pos6C_G,D276E,2926.5860129162515,1668.768759378138,-0.8100632353648841,6,Missense,-0.7201137544954344,-0.5256066256419334
exon5_pos6C_T,D276D,5769.49744303296,3233.30151653456,-0.8352415113026075,6,Synonymous,-0.7201137544954344,-0.6727321957640728
exon5_pos7A_C,T277P,245.28799070672292,146.17858406807306,-0.7427785216930958,7,Missense,-0.7097983783585096,-0.19271464030390684
exon5_pos7A_G,T277A,19478.29572419508,24209.059696951197,0.3136651191402972,7,Missense,-0.7097983783585096,5.980459144269989
exon5_pos7A_T,T277S,26202.62812417443,21449.28744765243,-0.2887695985907231,7,Missense,-0.7097983783585096,2.4602200489969395
exon5_pos8C_A,T277N,35629.514589574486,47701.62096910693,0.42095521615545656,8,Missense,-0.6982787367382616,6.540079782541033
exon5_pos8C_G,T277S,42994.564863490654,36183.29454264965,-0.24882420389793042,8,Missense,-0.6982787367382616,2.626321776426314
exon5_pos8C_T,T277I,1874.5805727187796,600.8460985208911,-1.6398707212719779,8,Missense,-0.6982787367382616,-5.502054941712813
exon5_pos9C_A,T277T,8774.697076079427,5989.599232425934,-0.5508134056488807,9,Synonymous,-0.6861228576812782,0.7906609778374207
exon5_pos9C_G,T277T,13825.875217579221,8678.143546873192,-0.6718505633289414,9,Synonymous,-0.6861228576812782,0.0833980630259312
exon5_pos9C_T,T277T,3863.201504253064,2265.643962576297,-0.7696125327092855,9,Synonymous,-0.6861228576812782,-0.48785969572301047
exon5_pos10A_C,M278L,662.9861096818578,340.50427392427207,-0.959249427347503,10,Missense,-0.6726106652936754,-1.674931651022601
exon5_pos10A_G,M278V,585.0472845742195,242.47279564432495,-1.267256489351162,10,Missense,-0.6726106652936754,-3.4747258351446035
exon5_pos10A_T,M278L,824.9369151003268,393.86317982348373,-1.0646787473530417,10,Missense,-0.6726106652936754,-2.290992450887157
exon5_pos11T_A,M278K,321.2024307466303,155.8576414172324,-1.0385115653308128,11,Missense,-0.6577974125087056,-2.2246474272528975
exon5_pos11T_C,M278T,689.6405130736475,354.8987694691757,-0.9564680206816359,11,Missense,-0.6577974125087056,-1.745237982729875
exon5_pos11T_G,M278R,896.1277899821955,401.5567895112771,-1.1561211807182632,11,Missense,-0.6577974125087056,-2.9118820003635757
exon5_pos12G_A,M278I,379.9095977108253,180.42755622663688,-1.0700550426289666,12,Missense,-0.6442545118506329,-2.4881030775904827
exon5_pos12G_C,M278I,177.471090937739,103.49145934870367,-0.7723053750226684,12,Missense,-0.6442545118506329,-0.7482464762645409
exon5_pos12G_T,M278I,364.7267097028439,172.48576558117279,-1.0759486979678612,12,Missense,-0.6442545118506329,-2.52254178991467
exon5_pos13G_A,E279K,29683.22085062636,55092.44988854193,0.8921845597937353,13,Missense,-0.6364533434862375,8.932371842562048
exon5_pos13G_C,E279Q,6508.060595243438,8973.727067459058,0.4634187205947155,13,Missense,-0.6364533434862375,6.426941419244618
exon5_pos13G_T,E279Stop,386.3201504253064,217.15833796190822,-0.8281509456366819,13,Nonsense,-0.6364533434862375,-1.1201568795731203
exon5_pos14A_C,E279A,34318.387860707466,47420.92830598131,0.46653050758692105,14,Missense,-0.6392389134033144,6.461401761153573
exon5_pos14A_G,E279G,3674.258897931517,4281.369700778147,0.22056346829304688,14,Missense,-0.6392389134033144,5.024129368997953
exon5_pos14A_T,E279V,2432.2986588786325,1836.7872677212372,-0.4049436272994787,14,Missense,-0.6392389134033144,1.3690702107728772
exon5_pos15G_A,E279E,7213.221393836355,4701.54006211473,-0.6174034635115867,15,Synonymous,-0.6445725875345557,0.15875879950975957
exon5_pos15G_C,E279D,4810.27631843982,1148.5814721002412,-2.0653109427671223,15,Missense,-0.6445725875345557,-8.301876626699734
exon5_pos15G_T,E279D,2952.9030187967533,662.146795065567,-2.1552222932564087,15,Missense,-0.6445725875345557,-8.82726044304629
exon5_pos16G_A,V280M,7328.273945185725,4482.892638406797,-0.7089185538303744,16,Missense,-0.6489551836407942,-0.3503871769221935
exon5_pos16G_C,V280L,2762.6108224300515,1188.2904253275617,-1.216453401666226,16,Missense,-0.6489551836407942,-3.316092772865184
exon5_pos16G_T,V280L,3776.827741363214,1480.8957744213785,-1.3501129375460557,16,Missense,-0.6489551836407942,-4.097112707161709
exon5_pos17T_A,V280E,2411.3800131787466,1092.740756624322,-1.1411863629273662,17,Missense,-0.6530043326746543,-2.852620239049144
exon5_pos17T_C,V280A,7069.152656516175,4862.857684600719,-0.5396403491278093,17,Missense,-0.6530043326746543,0.6624258448791349
exon5_pos17T_G,V280G,3611.502960831861,3618.7265437972383,0.0028819413931593023,17,Missense,-0.6530043326746543,3.8325754410743906
exon5_pos18G_A,V280V,7046.547023259847,4375.926645650703,-0.6872029933237176,18,Synonymous,-0.6559788007263018,-0.18245399918806626
exon5_pos18G_T,V280V,9044.27768759892,5870.472372743973,-0.6234424645630048,18,Synonymous,-0.6559788007263018,0.19012131805810556
exon5_pos19G_A,E281K,17157.67564155293,22291.613617986965,0.3776275645783527,19,Missense,-0.6579025162164448,6.05096845758596
exon5_pos19G_C,E281Q,3505.897539798567,4083.5694775145575,0.21998874287224868,19,Missense,-0.6579025162164448,5.129829076388522
exon5_pos19G_T,E281Stop,546.9213657986217,244.95460522103244,-1.1555767934512018,19,Nonsense,-0.6579025162164448,-2.9080867949176956
exon5_pos20A_C,E281A,7216.932766460528,9505.578859747482,0.3973405457532263,20,Missense,-0.6595239036584213,6.17563271790758
exon5_pos20A_G,E281G,36924.783635410946,48820.420726286684,0.4028857407839807,20,Missense,-0.6595239036584213,6.20803525342495
exon5_pos20A_T,E281V,10977.228029770606,13041.90932559803,0.24862049908584805,20,Missense,-0.6595239036584213,5.306608893216443
exon5_pos21A_C,E281D,9100.960469495385,3997.698866160477,-1.1866466817620378,21,Missense,-0.6609676422367894,-3.0717285243321557
exon5_pos21A_G,E281E,4379.419696524435,2641.638113447487,-0.7290902300318606,21,Synonymous,-0.6609676422367894,-0.3980643707430744
exon5_pos21A_T,E281D,5505.652589205371,2519.2849013158057,-1.1275887628074721,21,Missense,-0.6609676422367894,-2.726632219171746
exon5_pos22G_C,E282Q,1022.314459204086,800.8799504035173,-0.3517913740708484,22,Missense,-0.6601284261129361,1.801722432611237
exon5_pos22G_T,E282Stop,172.74752577970037,61.05251558700505,-1.4854308305441177,22,Nonsense,-0.6601284261129361,-4.82253380157725
exon5_pos23A_C,E282A,1731.1866304211767,1284.3364559461427,-0.43044832250917625,23,Missense,-0.6552979641878843,1.3138759701245015
exon5_pos23A_G,E282G,707.5225811719367,484.44922937330836,-0.545493414187927,23,Missense,-0.6552979641878843,0.6416268159387499
exon5_pos23A_T,E282V,170.385743200681,84.62970656572651,-1.001063816425129,23,Missense,-0.6552979641878843,-2.0204321481342786
exon5_pos24G_A,E282E,6056.960122650743,4044.85324811792,-0.5823880902639776,24,Synonymous,-0.6532723332987643,0.41420169891554
exon5_pos24G_C,E282D,8488.583986506797,8543.877648773316,0.009365975188981307,24,Missense,-0.6532723332987643,3.872029965918502
exon5_pos24G_T,E282D,4687.463624330814,5103.593213541349,0.12268075747484784,24,Missense,-0.6532723332987643,4.534168310430651
exon5_pos25T_A,F283I,835.3962379502697,636.5841564254795,-0.3915707931157224,25,Missense,-0.6600135864795029,1.5686061713086858
exon5_pos25T_C,F283L,522.9661424971397,262.57545321565584,-0.9912575726958025,25,Missense,-0.6600135864795029,-1.9355757495923984
exon5_pos25T_G,F283V,342.4584739578044,208.47200444343184,-0.7133782365114258,25,Missense,-0.6600135864795029,-0.31182852152922363
exon5_pos26T_A,F283Y,281.38952441459,105.72508796774045,-1.40378721933967,26,Missense,-0.6716639568616887,-4.278055124114796
exon5_pos26T_C,F283S,184.89383618608554,84.38152560805575,-1.1224830883980257,26,Missense,-0.6716639568616887,-2.63429560917143
exon5_pos26T_G,F283C,170.72314071196948,65.76795378274934,-1.3628567319727303,26,Missense,-0.6716639568616887,-4.038883812142013
exon5_pos27C_A,F283L,1187.6392397354398,766.3827972872829,-0.6312925845823287,27,Missense,-0.6828835491138056,0.3014642499200016
exon5_pos27C_G,F283L,646.1162341174338,396.09680844252057,-0.704534104728465,27,Missense,-0.6828835491138056,-0.12651185276333415
exon5_pos27C_T,F283F,2263.937300745682,1481.39213633672,-0.611543979921118,27,Synonymous,-0.6828835491138056,0.4168623306735836
exon5_pos28T_A,L284M,3686.4052083379024,1983.958575619993,-0.8934970627820518,28,Missense,-0.6968569693204743,-1.1490376041220438
exon5_pos28T_C,L284L,3824.40079045489,2362.682717025561,-0.6945745161056888,28,Synonymous,-0.6968569693204743,0.01333718128012494
exon5_pos28T_G,L284V,161.6134079071806,57.577982179614516,-1.4730158133051516,28,Missense,-0.6968569693204743,-4.5353705992036115
exon5_pos29T_A,L284Stop,53.3088067835794,39.4607722696496,-0.42466230952361333,29,Nonsense,-0.7175966500449247,1.7117189423195989
exon5_pos29T_C,L284S,125.51187419931352,64.52704899439557,-0.9491103336475466,29,Missense,-0.7175966500449247,-1.3528163236975077
exon5_pos29T_G,L284W,292.8610397983982,140.47042204164575,-1.0546336458295191,29,Missense,-0.7175966500449247,-1.9694263530875105
exon5_pos30G_A,L284L,15.182888007981475,7.941790645464071,-0.8558334214673465,30,Synonymous,-0.7304712804327436,-0.7325353220001178
exon5_pos30G_C,L284F,172.41012826841188,108.20689754444797,-0.66712418346283,30,Missense,-0.7304712804327436,0.3701594890902487
exon5_pos30G_T,L284F,83.33718528825388,53.607086856882475,-0.6270806782742511,30,Missense,-0.7304712804327436,0.6041478505305049
exon5_pos31A_C,K285Q,318.840648167611,176.95302281924634,-0.845856861308057,31,Missense,-0.7246038679843398,-0.7085241188035412
exon5_pos31A_G,K285E,73.89005497217651,31.022619708844026,-1.2256828118734688,31,Missense,-0.7246038679843398,-2.9279814661747463
exon5_pos31A_T,K285Stop,139.68256967342958,89.34514476147079,-0.6389246158216018,31,Nonsense,-0.7246038679843398,0.5006541692235179
exon5_pos32A_C,K285T,365.0641072141324,198.04840422126028,-0.8789770182055882,32,Missense,-0.6956352284283694,-1.071330913002368
exon5_pos32A_G,K285R,109.3167936574666,72.71702059753041,-0.5815827626264078,32,Missense,-0.6956352284283694,0.6664488901644259
exon5_pos32A_T,K285I,175.1093083587197,95.5496687032396,-0.8671279517703984,32,Missense,-0.6956352284283694,-1.002092627624754
exon5_pos33A_C,K285N,132.93461944766005,65.76795378274933,-1.0043011847894407,33,Missense,-0.6571019406046174,-2.0288079641757584
exon5_pos33A_G,K285K,198.3897366376246,123.34593596236385,-0.6812317942770656,33,Synonymous,-0.6571019406046174,-0.14099926807155924
exon5_pos33A_T,K285N,337.3975112884773,192.83660411017448,-0.8038779232817974,33,Missense,-0.6571019406046174,-0.8576639713151843
exon5_pos34G_A,E286K,48.9226391368292,60.556153671663544,0.30220888425783515,34,Missense,-0.6134628883176735,5.350593977051433
exon5_pos34G_C,E286Q,77.93882510763825,43.67984855005239,-0.8211107513537199,34,Missense,-0.6134628883176735,-1.213359894433845
exon5_pos34G_T,E286Stop,47.23565158038681,31.27080066651478,-0.5798704820887297,34,Nonsense,-0.6134628883176735,0.19629230891075636
exon5_pos35A_C,E286A,153.51586763625716,70.97975389383514,-1.1020919251814079,35,Missense,-0.5740605495249765,-3.085474056205554
exon5_pos35A_G,E286G,84.68677533340778,47.89892483045518,-0.8092698157054601,35,Missense,-0.5740605495249765,-1.374410919572387
exon5_pos35A_T,E286V,107.29240858973574,62.04523941768805,-0.7804727710247021,35,Missense,-0.5740605495249765,-1.2061396039760133
exon5_pos36A_C,E286D,94.13390564948514,52.862543983870225,-0.8206772366831083,36,Missense,-0.5628358223339996,-1.506658564750065
exon5_pos36A_G,E286E,142.0443522524489,101.2578307296669,-0.48425121107505487,36,Synonymous,-0.5628358223339996,0.45919767353794316
exon5_pos36A_T,E286D,74.56484999475347,36.482600777600574,-1.0114942418111246,36,Missense,-0.5628358223339996,-2.6216698045147626
exon5_pos37G_A,A287T,33.40235361755925,27.299905343782743,-0.2817100418633817,37,Missense,-0.5668912703529049,1.6664147669773695
exon5_pos37G_C,A287P,466.28336060067556,190.60297549113773,-1.2861776999534786,37,Missense,-0.5668912703529049,-4.203044970110502
exon5_pos37G_T,A287S,109.99158868004358,51.621639195516465,-1.076722253253324,37,Missense,-0.5668912703529049,-2.9791227251097174
exon5_pos38C_A,A287D,36.10153370786706,21.09538140201394,-0.747733991828567,38,Missense,-0.5731122162863956,-1.0203767861599362
exon5_pos38C_G,A287G,68.82909230284936,43.92802950772314,-0.6362124311978143,38,Missense,-0.5731122162863956,-0.3687168699173225
exon5_pos38C_T,A287V,95.82089320592753,57.32980122194376,-0.7310852459160587,38,Missense,-0.5731122162863956,-0.9230922762810638
exon5_pos39T_A,A287A,74.90224750604195,45.66529621141841,-0.7017925520070789,39,Synonymous,-0.5777332568864701,-0.7249223325979917
exon5_pos39T_C,A287A,64.10552714481068,41.19803897334487,-0.6256040708439459,39,Synonymous,-0.5777332568864701,-0.279726094555675
exon5_pos39T_G,A287A,137.6581846056987,93.5642210418736,-0.5521664378335616,39,Synonymous,-0.5777332568864701,0.14939596494504345
exon5_pos40G_A,A288T,26.99180090307818,21.34356235968469,-0.32514508715265206,40,Missense,-0.5791303242220555,1.4841255572410537
exon5_pos40G_C,A288P,197.3775441037592,98.52784019528863,-0.9950766833409862,40,Missense,-0.5791303242220555,-2.430521667844356
exon5_pos40G_T,A288S,94.8087006720621,41.44621993101562,-1.1745205977404942,40,Missense,-0.5791303242220555,-3.4790759166053284
exon5_pos41C_A,A288E,39.81290633204031,20.847200444343187,-0.9015770291886542,41,Missense,-0.5811889096368724,-1.8721410817010147
exon5_pos41C_G,A288G,50.947024204560066,40.70167705800337,-0.3169357027443724,41,Missense,-0.5811889096368724,1.5441249359894864
exon5_pos41C_T,A288V,16.195080541846906,10.423600222171594,-0.5899784763503784,41,Missense,-0.5811889096368724,-0.051360546569975775
exon5_pos42A_C,A288A,64.10552714481068,40.70167705800336,-0.6426746227465443,42,Synonymous,-0.5977409713866528,-0.2625632148263459
exon5_pos42A_G,A288A,71.19087488186871,41.44621993101562,-0.7661804085730484,42,Synonymous,-0.5977409713866528,-0.9842511968808579
exon5_pos42A_T,A288A,52.97140927229093,41.44621993101562,-0.34655927909340467,42,Synonymous,-0.5977409713866528,1.4677434536937335
exon5_pos43G_A,V289I,190.62959387798963,113.91505957087527,-0.7377525026281587,43,Missense,-0.6285222008237183,-0.6382712806604005
exon5_pos43G_C,V289L,245.9627857292999,160.32489865530593,-0.6143245425158316,43,Missense,-0.6285222008237183,0.08296193822459332
exon5_pos43G_T,V289F,36.77632873044402,34.000791200893055,-0.11009496622012103,43,Missense,-0.6285222008237183,3.029353663712174
exon5_pos44T_A,V289D,35.08934117400163,15.387219375586637,-1.1390017313774594,44,Missense,-0.672395186341397,-2.726547049168599
exon5_pos44T_C,V289A,1244.322021631904,689.1985194516789,-0.8514355657184112,44,Missense,-0.672395186341397,-1.046196250922061
exon5_pos44T_G,V289G,81.31280022052302,45.41711525374766,-0.8264599329595221,44,Missense,-0.672395186341397,-0.9002547965547536
exon5_pos45C_A,V289V,35.42673868529011,12.657228841208363,-1.415333056045186,45,Synonymous,-0.7300188169493087,-4.004533447373043
exon5_pos45C_G,V289V,232.4668852777608,157.59490812092767,-0.557871481608591,45,Synonymous,-0.7300188169493087,1.0059177570241653
exon5_pos45C_T,V289V,51.62181922713702,38.21986748129584,-0.4240764649601453,45,Synonymous,-0.7300188169493087,1.7877293533619092
exon5_pos46A_C,M290L,552.9945210018142,235.2755478718731,-1.2294013754108017,46,Missense,-0.8092824573492343,-2.4549034052922285
exon5_pos46A_G,M290V,780.0630460989594,312.7080066651478,-1.3160166539139408,46,Missense,-0.8092824573492343,-2.9610271074306076
exon5_pos46A_T,M290L,580.6611169274694,264.06453896168034,-1.1338351901007608,46,Missense,-0.8092824573492343,-1.8964763893633085
exon5_pos47T_A,M290K,557.7180861598529,213.4356235968469,-1.3815759256209175,47,Missense,-0.8986781402372317,-2.8217425276068107
exon5_pos47T_C,M290T,376.5356225979406,178.19392760760007,-1.0750910279754935,47,Missense,-0.8986781402372317,-1.0308428881144271
exon5_pos47T_G,M290R,500.6979067521002,225.59649052271376,-1.1466934015351349,47,Missense,-0.8986781402372317,-1.4492408776398837
exon5_pos48G_A,M290I,301.29597758061016,127.06865032742513,-1.239044417843247,48,Missense,-0.9357309389414976,-1.7723679182612213
exon5_pos48G_C,M290I,1232.5131087368072,539.2972210185446,-1.190947880770709,48,Missense,-0.9357309389414976,-1.4913228437215549
exon5_pos48G_T,M290I,280.71472939201306,143.94495544903629,-0.958729872832214,48,Missense,-0.9357309389414976,-0.13439090385864605
exon5_pos49A_C,K291Q,856.3148836501553,409.0022182413997,-1.064193474732414,49,Missense,-0.8869440958662813,-1.0357308015837416
exon5_pos49A_G,K291E,626.5471784627022,275.97722492987646,-1.179956571391982,49,Missense,-0.8869440958662813,-1.7121755127812026
exon5_pos49A_T,K291Stop,608.665110364413,287.64172994040183,-1.0787370961103444,49,Nonsense,-0.8869440958662813,-1.1207143243698543
exon5_pos50A_C,K291T,548.2709558437755,278.459034506584,-0.9748811915531446,50,Missense,-0.7122716331667849,-1.5345205165231008
exon5_pos50A_G,K291R,560.7546637614491,303.0289493159884,-0.8857314947896616,50,Missense,-0.7122716331667849,-1.0135873122407568
exon5_pos50A_T,K291I,407.23879612519204,200.0338518826263,-1.021974836621668,50,Missense,-0.7122716331667849,-1.8097053384296438
exon5_pos51A_C,K291N,667.0348798173195,276.9699487605595,-1.2649945093861674,51,Missense,-0.614271518458856,-3.8024045517876357
exon5_pos51A_G,K291K,1505.4676953691855,984.7820400375448,-0.6118291342703773,51,Synonymous,-0.614271518458856,0.014271714515958645
exon5_pos51A_T,K291N,461.2223979313484,342.9860835009796,-0.4262369706304249,51,Missense,-0.614271518458856,1.0987523578001608
exon5_pos52G_A,E292K,495.6369440827731,477.99652447386876,-0.05217639741950962,52,Missense,-0.596959679380906,3.18336136873826
exon5_pos52G_C,E292Q,30376.910133835474,40185.957027963545,0.40370471790059786,52,Missense,-0.596959679380906,5.847235939232473
exon5_pos52G_T,E292Stop,306.6943377612258,300.54713973928096,-0.029114344330088235,52,Nonsense,-0.596959679380906,3.318121100395843
exon5_pos53A_C,E292A,24676.916578127933,36648.13747636697,0.5705586447183248,53,Missense,-0.5833868869208657,6.7429118122399245
exon5_pos53A_G,E292G,1382.3176037488913,1011.585583465986,-0.45008858171729477,53,Missense,-0.5833868869208657,0.7789091357127927
exon5_pos53A_T,E292V,32142.84870791936,54739.53656673412,0.7680668972299364,53,Missense,-0.5833868869208657,7.89702237669924
exon5_pos54G_A,E292E,2059.137011393577,1452.1067833315713,-0.50359956334229,54,Synonymous,-0.5801143963647478,0.44710322736447466
exon5_pos54G_C,E292D,1782.8084496483139,1150.5669197616073,-0.6313624515961361,54,Missense,-0.5801143963647478,-0.29946050961623766
exon5_pos54G_T,E292D,305.0073502047834,237.01281457556837,-0.3625270563193788,54,Missense,-0.5801143963647478,1.271439773506165
exon5_pos55A_C,I293L,1020.9648691589321,477.00380064318574,-1.0962516090203243,55,Missense,-0.5858707979084096,-2.982335565785767
exon5_pos55A_G,I293V,21996.968145963565,32342.197860779415,0.5560920544754877,55,Missense,-0.5858707979084096,6.6728927799048146
exon5_pos55A_T,I293F,552.9945210018142,311.96346379213554,-0.8238774652743402,55,Missense,-0.5858707979084096,-1.3907571239466359
exon5_pos56T_A,I293N,301.97077260318713,215.42107125821292,-0.48533765439880466,56,Missense,-0.5982024083952296,0.6595086700730032
exon5_pos56T_C,I293T,394.4176906962299,251.65549107814275,-0.6462058825721807,56,Missense,-0.5982024083952296,-0.28050127513083084
exon5_pos56T_G,I293S,438.6167646750204,190.35479453346696,-1.1999963549174362,56,Missense,-0.5982024083952296,-3.5164948425034086
exon5_pos57C_A,I293I,312.4300954531299,166.03306068173325,-0.9080100314511713,57,Synonymous,-0.6111849506547478,-1.7344539136333184
exon5_pos57C_G,I293M,621.4862157933751,389.89228450075177,-0.6712707820474232,57,Missense,-0.6111849506547478,-0.35110276103795235
exon5_pos57C_T,I293I,65.79251470125305,51.86982015318721,-0.3372420127899644,57,Synonymous,-0.6111849506547478,1.600745460649454
exon5_pos58A_C,K294Q,4447.236596293418,2091.420930291429,-1.0880604189517766,58,Missense,-0.62598052727222,-2.7000962128417405
exon5_pos58A_G,K294E,8449.108477686046,7076.631827023829,-0.2557031461858427,58,Missense,-0.62598052727222,2.163661679235365
exon5_pos58A_T,K294Stop,308.7187228289567,177.20120377691708,-0.7974515155884822,58,Nonsense,-0.62598052727222,-1.0019656221830209
exon5_pos59A_C,K294T,2747.7653319333585,2105.0708829633204,-0.38422975286027217,59,Missense,-0.6444158661506998,1.5203594698223413
exon5_pos59A_G,K294R,1448.7849134727214,897.42234293744,-0.6903731696280738,59,Missense,-0.6444158661506998,-0.26854477614388284
exon5_pos59A_T,K294I,600.230172582201,207.97564252809036,-1.5245826157482394,59,Missense,-0.6444158661506998,-5.143125572115615
exon5_pos60A_C,K294N,3141.1708300957234,1771.2674948961587,-0.8261652459924258,60,Missense,-0.6592201958040134,-0.9755189651901262
exon5_pos60A_G,K294K,2878.000771290711,1839.7654392132863,-0.6452623733988034,60,Synonymous,-0.6592201958040134,0.08156049223185077
exon5_pos60A_T,K294N,6975.356148377979,4137.672926286781,-0.7533054538536922,60,Missense,-0.6592201958040134,-0.5497734342448879
exon5_pos61C_A,H295N,149.4670975007954,94.5569448725566,-0.6550154146111805,61,Missense,-0.6615891399732816,0.03841260196360145
exon5_pos61C_G,H295D,148.11750745564152,82.39607794668974,-0.8383982086798297,61,Missense,-0.6615891399732816,-1.0331579136139821
exon5_pos61C_T,H295Y,62.75593709965676,38.4680484389666,-0.6918745106895287,61,Missense,-0.6615891399732816,-0.17696813093990907
exon5_pos62A_C,H295P,87.3859554237156,48.147105788125934,-0.8467106822509641,62,Missense,-0.6447086092048924,-1.1803695469962596
exon5_pos62A_G,H295R,520.9417574294089,282.67811078698674,-0.8796339944972995,62,Missense,-0.6447086092048924,-1.3727521031542842
exon5_pos62A_T,H295L,235.50346287935707,137.7404315072675,-0.7694730308953684,62,Missense,-0.6447086092048924,-0.7290426365003159
exon5_pos63C_A,H295Q,304.3325551822064,195.8147756022235,-0.6335428877294084,63,Missense,-0.6324824661640029,-0.0061964182045655715
exon5_pos63C_G,H295Q,237.1904504357995,130.7913646924864,-0.8538597292627712,63,Missense,-0.6324824661640029,-1.2935856341413243
exon5_pos63C_T,H295H,6979.067521002152,4270.201557682963,-0.7085990120142988,63,Synonymous,-0.6324824661640029,-0.44477589457085465
exon5_pos64C_A,P296T,3414.4628142393894,2917.8635193350337,-0.2266743303144912,64,Missense,-0.5922004893844812,2.135898608814387
exon5_pos64C_G,P296A,2762.6108224300515,2745.12957279619,-0.009154767729011986,64,Missense,-0.5922004893844812,3.4069423346542074
exon5_pos64C_T,P296S,3034.553216528564,2903.2208428324593,-0.06380830245700862,64,Missense,-0.5922004893844812,3.087582404056286
exon5_pos65C_A,P296H,2588.176309093909,2654.295342288695,0.03637912912965807,65,Missense,-0.5031142959652368,3.152450864410102
exon5_pos65C_G,P296R,3113.1668366587796,2279.2939152481886,-0.4496264461317099,65,Missense,-0.5031142959652368,0.3125484215372607
exon5_pos65C_T,P296L,1266.927654888232,652.4677377164076,-0.9562845151244683,65,Missense,-0.5031142959652368,-2.6480338455693877
exon5_pos66T_A,P296P,6692.9544314295235,4545.434239739827,-0.5581232443727475,66,Synonymous,-0.4688215959183784,-0.521821111747015
exon5_pos66T_C,P296P,5515.774514544026,3596.1420766491997,-0.6169738719815737,66,Synonymous,-0.4688215959183784,-0.86570614026963
exon5_pos66T_G,P296P,2972.809471962773,1910.7451931071214,-0.6374219722163883,66,Synonymous,-0.4688215959183784,-0.985191621023074
exon5_pos67A_C,N297H,42497.578329362725,43316.5116280224,0.027535789047599256,67,Missense,-0.5408614915587072,3.3213463134616026
exon5_pos67A_G,N297D,357.3039644544974,207.47928061274885,-0.7812799955334391,67,Missense,-0.5408614915587072,-1.404850338151969
exon5_pos67A_T,N297Y,925.8187709755815,747.2728635466349,-0.3087228075029048,67,Missense,-0.5408614915587072,1.3564684223649548
exon5_pos68A_C,N297T,254.73512102280034,147.41948885642682,-0.7849697610316243,68,Missense,-0.6922961272780986,-0.5415248142884027
exon5_pos68A_G,N297S,384.633162868864,207.97564252809036,-0.8838943261496796,68,Missense,-0.6922961272780986,-1.1195760310626435
exon5_pos68A_T,N297I,371.4746599286134,231.0564715914703,-0.6826663480150461,68,Missense,-0.6922961272780986,0.05627020562215132
exon5_pos69C_A,N297K,547.5961608211986,502.07007736793173,-0.12498514536522355,69,Missense,-0.8029241391050058,3.961437280642246
exon5_pos69C_G,N297K,957.5341370366984,717.2429676684739,-0.4163578502810325,69,Missense,-0.8029241391050058,2.258843527408304
exon5_pos69C_T,N297N,5341.340001207883,3587.952105046065,-0.573909125613246,69,Synonymous,-0.8029241391050058,1.3382157106326174
exon5_pos70C_A,L298M,925.8187709755815,298.06533016257345,-1.6318265911760075,70,Missense,-0.8560156399457098,-4.5333377388141205
exon5_pos70C_G,L298V,10382.73361488031,11484.573816214059,0.14549765726476205,70,Missense,-0.8560156399457098,5.852196361714734
exon5_pos70C_T,L298L,172.74752577970034,88.8487828461293,-0.9514215683104023,70,Synonymous,-0.8560156399457098,-0.5574905779254306
exon5_pos71T_A,L298Q,481.1288510973685,250.91094820513047,-0.9365049408548016,71,Missense,-0.853538990080355,-0.48479938970434183
exon5_pos71T_C,L298P,341.44628142393896,168.01850834309926,-1.0186964571122203,71,Missense,-0.853538990080355,-0.9650734846616642
exon5_pos71T_G,L298R,1059.4281854458186,417.4403708022052,-1.341552968150969,71,Missense,-0.853538990080355,-2.8516382507206903
exon5_pos72G_A,L298L,6074.504793237745,3325.128470872738,-0.8691603889387823,72,Synonymous,-0.8041231943132676,-0.38003532736279133
exon5_pos72G_C,L298L,4003.558868949071,2926.54985285351,-0.4519495897234285,72,Synonymous,-0.8041231943132676,2.0578749111101367
exon5_pos72G_T,L298L,6866.3767522318,4207.908137307603,-0.7063130916228813,72,Synonymous,-0.8041231943132676,0.5715390187009476
exon5_pos73G_A,V299M,332.67394613043854,103.49145934870367,-1.6750540147931963,73,Missense,-0.7218800937218758,-5.5697322926334305
exon5_pos73G_C,V299L,59412.32776278796,72641.32540544082,0.29002378982010313,73,Missense,-0.7218800937218758,5.912912232082802
exon5_pos73G_T,V299L,19923.32304158458,18699.194255702827,-0.09147745058638937,73,Missense,-0.7218800937218758,3.6836655737357997
exon5_pos74T_A,V299E,438.2793671637319,143.44859353369478,-1.6045825812702066,74,Missense,-0.6305040689212729,-5.691885211979316
exon5_pos74T_C,V299A,726.079444292803,341.24881679728435,-1.087067454856141,74,Missense,-0.6305040689212729,-2.6678613189682743
exon5_pos74T_G,V299G,688.6283205397821,254.6336625701918,-1.4317411949141987,74,Missense,-0.6305040689212729,-4.681911869434879
exon5_pos75G_A,V299V,5878.13944166785,3163.3144864714077,-0.893712006527952,75,Synonymous,-0.6056849719072632,-1.6830438185669392
exon5_pos75G_C,V299V,9161.692021527311,5641.649529771539,-0.6993987827347911,75,Synonymous,-0.6056849719072632,-0.54760293677062
exon5_pos75G_T,V299V,6692.954431429523,3741.8242988019315,-0.8387314053229025,75,Synonymous,-0.6056849719072632,-1.3617727228827636
exon5_pos76C_A,Q300K,36844.145630213,28582.752713982863,-0.3662792179807342,76,Missense,-0.6512365170242795,1.665106268036135
exon5_pos76C_G,Q300E,6933.856254489496,6322.409896662413,-0.1331632376607755,76,Missense,-0.6512365170242795,3.027285378074776
exon5_pos76C_T,Q300Stop,482.14104363123397,181.17209909964913,-1.407142399840816,76,Nonsense,-0.6512365170242795,-4.417025385023957
exon5_pos77A_C,Q300P,1117.123159876148,504.80006790231005,-1.1444399722072847,77,Missense,-0.7109718361405067,-2.532907606793521
exon5_pos77A_G,Q300R,5503.290806626352,4599.537688512051,-0.25875420733241195,77,Missense,-0.7109718361405067,2.6424675232822508
exon5_pos77A_T,Q300L,2373.928889425726,1770.2747710654755,-0.42309628743821787,77,Missense,-0.7109718361405067,1.682158632775617
exon5_pos78G_A,Q300Q,4917.906124540845,3161.080857852371,-0.6374632625840211,78,Synonymous,-0.7220658660395614,0.49436293009103965
exon5_pos78G_C,Q300H,483.82803118767634,252.64821490882576,-0.9346441058800901,78,Missense,-0.7220658660395614,-1.242169829636343
exon5_pos78G_T,Q300H,1030.4119994750095,530.859068457739,-0.9555048176686068,78,Missense,-0.7220658660395614,-1.364066345610291
exon5_pos79C_A,L301I,436.59237960728956,139.7258791686335,-1.636699953429453,79,Missense,-0.7053378387934925,-5.44227819430146
exon5_pos79C_G,L301V,426.47045426863525,175.21575611555107,-1.2784817809952997,79,Missense,-0.7053378387934925,-3.3490827357306348
exon5_pos79C_T,L301F,266.544033917897,87.35969710010478,-1.5983159797975128,79,Missense,-0.7053378387934925,-5.21798706260839
exon5_pos80T_A,L301H,305.34474771607194,114.90778340155828,-1.4021786675227743,80,Missense,-0.6876425352233684,-4.1752873031275595
exon5_pos80T_C,L301P,430.51922440409703,286.89718706738955,-0.5838711406921984,80,Missense,-0.6876425352233684,0.6063729550240339
exon5_pos80T_G,L301R,419.0477090202887,148.66039364478058,-1.4888607236182985,80,Missense,-0.6876425352233684,-4.681801210352869
exon5_pos81C_A,L301L,5582.241824267856,3640.3182871145937,-0.616642192164999,81,Synonymous,-0.6814442223783588,0.3786611785411517
exon5_pos81C_G,L301L,9068.570308411692,5755.8127703000855,-0.6557639093768362,81,Synonymous,-0.6814442223783588,0.15005915022176988
exon5_pos81C_T,L301L,5759.375517694307,3255.6378027249275,-0.8227795889628498,81,Synonymous,-0.6814442223783588,-0.825872527515282
exon5_pos82C_A,L302I,4535.972141762288,2932.754376795279,-0.6289817121066285,82,Missense,-0.6825143217815577,0.31280996911904013
exon5_pos82C_G,L302V,3049.061309513969,1602.2562627223765,-0.9278331999729921,82,Missense,-0.6825143217815577,-1.4334849576242261
exon5_pos82C_T,L302F,2777.793710438033,1515.6411084952838,-0.873579004280603,82,Missense,-0.6825143217815577,-1.116458506230008
exon5_pos83T_A,L302H,1005.1071861283737,522.4209158969334,-0.9427405308269263,83,Missense,-0.6853725377310429,-1.5038921969510552
exon5_pos83T_C,L302P,162.625600441046,74.20610634355492,-1.1214767752152532,83,Missense,-0.6853725377310429,-2.5483112795826672
exon5_pos83T_G,L302R,151.82888007981475,87.85605901544628,-0.7823751344683147,83,Missense,-0.6853725377310429,-0.5668204758577898
exon5_pos84T_A,L302L,799.9694992649795,489.16466756905265,-0.7084808116971492,84,Synonymous,-0.6875964663096487,-0.12203461545038224
exon5_pos84T_C,L302L,2632.037985561411,1704.754998240397,-0.6263178908740139,84,Synonymous,-0.6875964663096487,0.35807238627219085
exon5_pos84T_G,L302L,5151.047804841182,3157.6063244449806,-0.7058578432190967,84,Synonymous,-0.6875964663096487,-0.1067076830702473
exon5_pos85G_A,G303R,146.09312238791065,79.66608741231147,-0.866695605303445,85,Missense,-0.6886976239809544,-1.0401051504652505
exon5_pos85G_C,G303R,154.1906626588341,76.93609687793318,-0.9936781709102377,85,Missense,-0.6886976239809544,-1.7821091862729783
exon5_pos85G_T,G303W,422.759081644462,189.36207070278397,-1.1544982342841887,85,Missense,-0.6886976239809544,-2.721837687521208
